{
  "project_info": {
    "project_number": "955006725376",
    "project_id": "inclass11-a3292",
    "storage_bucket": "inclass11-a3292.appspot.com"
  },
  "client": [
    {
      "client_info": {
        "mobilesdk_app_id": "1:955006725376:android:e9483015fe19517a1517e5",
        "android_client_info": {
          "package_name": "edu.uncc.inclass11"
        }
      },
      "oauth_client": [
        {
          "client_id": "955006725376-7pluamfk6e1ae7viil9dv7c05tscjna5.apps.googleusercontent.com",
          "client_type": 3
        }
      ],
      "api_key": [
        {
          "current_key": "AIzaSyA9BQ0CmLTY2Hou5UBpVY_cnD14MZ-dUDE"
        }
      ],
      "services": {
        "appinvite_service": {
          "other_platform_oauth_client": [
            {
              "client_id": "955006725376-7pluamfk6e1ae7viil9dv7c05tscjna5.apps.googleusercontent.com",
              "client_type": 3
            }
          ]
        }
      }
    }
  ],
  "configuration_version": "1"
}